{
"lengthUnit": "mil",
"remark": [],
"components": {
	"fields": ["COMPONENT_NO", "COMPONENT_NAME", "LAYER", "X_COORDINATE", "Y_COORDINATE", "ANGLE"],
	"rows": [
		[1, "C1", "T", 5355, -2200, 0],
		[2, "C2", "T", 6355, -1430, 0],
		[3, "H1", "T", 5792.356, -2191.481, 0],
		[4, "LED1", "T", 5580, -1150, 0],
		[5, "LED2", "T", 5120, -945, 0],
		[6, "LED3", "T", 6060, -960, 0],
		[7, "LED4", "T", 4810, -1215, 0],
		[8, "LED5", "T", 6385, -1220, 0],
		[9, "LED6", "T", 4870, -1640, 0],
		[10, "LED7", "T", 6280, -1650, 0],
		[11, "LED8", "T", 5170, -2005, 0],
		[12, "LED9", "T", 5970, -2010, 0],
		[13, "LED10", "T", 5580, -2335, 0],
		[14, "P1", "T", 5375, -965, 0],
		[15, "R1", "T", 6040, -1165, 0],
		[16, "R2", "T", 5205, -1170, 0],
		[17, "R3", "T", 6045, -1460, 0],
		[18, "U1", "T", 5515, -1865, 0],
		[19, "U2", "T", 5430, -1465, 0],
		[20, "PAD1", "T", 5315.63, -2200, 0],
		[21, "PAD1", "B", 5315.63, -2200, 0],
		[22, "PAD2", "T", 5394.37, -2200, 0],
		[23, "PAD2", "B", 5394.37, -2200, 0],
		[24, "PAD3", "T", 6255, -1430, 0],
		[25, "PAD3", "B", 6255, -1430, 0],
		[26, "PAD4", "T", 6455, -1430, 0],
		[27, "PAD4", "B", 6455, -1430, 0],
		[28, "PAD5", "T", 5742.356, -2191.481, 0],
		[29, "PAD5", "B", 5742.356, -2191.481, 0],
		[30, "PAD6", "T", 5842.356, -2191.481, 0],
		[31, "PAD6", "B", 5842.356, -2191.481, 0],
		[32, "PAD7", "T", 5530, -1150, 0],
		[33, "PAD7", "B", 5530, -1150, 0],
		[34, "PAD8", "T", 5630, -1150, 0],
		[35, "PAD8", "B", 5630, -1150, 0],
		[36, "PAD9", "T", 5070, -945, 0],
		[37, "PAD9", "B", 5070, -945, 0],
		[38, "PAD10", "T", 5170, -945, 0],
		[39, "PAD10", "B", 5170, -945, 0],
		[40, "PAD11", "T", 6010, -960, 0],
		[41, "PAD11", "B", 6010, -960, 0],
		[42, "PAD12", "T", 6110, -960, 0],
		[43, "PAD12", "B", 6110, -960, 0],
		[44, "PAD13", "T", 4760, -1215, 0],
		[45, "PAD13", "B", 4760, -1215, 0],
		[46, "PAD14", "T", 4860, -1215, 0],
		[47, "PAD14", "B", 4860, -1215, 0],
		[48, "PAD15", "T", 6335, -1220, 0],
		[49, "PAD15", "B", 6335, -1220, 0],
		[50, "PAD16", "T", 6435, -1220, 0],
		[51, "PAD16", "B", 6435, -1220, 0],
		[52, "PAD17", "T", 4820, -1640, 0],
		[53, "PAD17", "B", 4820, -1640, 0],
		[54, "PAD18", "T", 4920, -1640, 0],
		[55, "PAD18", "B", 4920, -1640, 0],
		[56, "PAD19", "T", 6230, -1650, 0],
		[57, "PAD19", "B", 6230, -1650, 0],
		[58, "PAD20", "T", 6330, -1650, 0],
		[59, "PAD20", "B", 6330, -1650, 0],
		[60, "PAD21", "T", 5120, -2005, 0],
		[61, "PAD21", "B", 5120, -2005, 0],
		[62, "PAD22", "T", 5220, -2005, 0],
		[63, "PAD22", "B", 5220, -2005, 0],
		[64, "PAD23", "T", 5920, -2010, 0],
		[65, "PAD23", "B", 5920, -2010, 0],
		[66, "PAD24", "T", 6020, -2010, 0],
		[67, "PAD24", "B", 6020, -2010, 0],
		[68, "PAD25", "T", 5530, -2335, 0],
		[69, "PAD25", "B", 5530, -2335, 0],
		[70, "PAD26", "T", 5630, -2335, 0],
		[71, "PAD26", "B", 5630, -2335, 0],
		[72, "PAD27", "T", 5375, -965, 0],
		[73, "PAD27", "B", 5375, -965, 0],
		[74, "PAD28", "T", 5833.31, -1165, 0],
		[75, "PAD28", "B", 5833.31, -1165, 0],
		[76, "PAD29", "T", 6246.69, -1165, 0],
		[77, "PAD29", "B", 6246.69, -1165, 0],
		[78, "PAD30", "T", 4998.305, -1170, 0],
		[79, "PAD30", "B", 4998.305, -1170, 0],
		[80, "PAD31", "T", 5411.695, -1170, 0],
		[81, "PAD31", "B", 5411.695, -1170, 0],
		[82, "PAD32", "T", 6045, -1460.005, 0],
		[83, "PAD32", "B", 6045, -1460.005, 0],
		[84, "PAD33", "T", 6045, -1361.575, 0],
		[85, "PAD33", "B", 6045, -1361.575, 0],
		[86, "PAD34", "T", 6045, -1558.425, 0],
		[87, "PAD34", "B", 6045, -1558.425, 0],
		[88, "PAD35", "T", 5365, -2015, 0],
		[89, "PAD35", "B", 5365, -2015, 0],
		[90, "PAD36", "T", 5465, -2015, 0],
		[91, "PAD36", "B", 5465, -2015, 0],
		[92, "PAD37", "T", 5565, -2015, 0],
		[93, "PAD37", "B", 5565, -2015, 0],
		[94, "PAD38", "T", 5665, -2015, 0],
		[95, "PAD38", "B", 5665, -2015, 0],
		[96, "PAD39", "T", 5565, -1715, 0],
		[97, "PAD39", "B", 5565, -1715, 0],
		[98, "PAD40", "T", 5665, -1715, 0],
		[99, "PAD40", "B", 5665, -1715, 0],
		[100, "PAD41", "T", 5080, -1621.3, 0],
		[101, "PAD41", "B", 5080, -1621.3, 0],
		[102, "PAD42", "T", 5080, -1308.7, 0],
		[103, "PAD42", "B", 5080, -1308.7, 0],
		[104, "PAD43", "T", 5180, -1621.3, 0],
		[105, "PAD43", "B", 5180, -1621.3, 0],
		[106, "PAD44", "T", 5180, -1308.7, 0],
		[107, "PAD44", "B", 5180, -1308.7, 0],
		[108, "PAD45", "T", 5280, -1621.3, 0],
		[109, "PAD45", "B", 5280, -1621.3, 0],
		[110, "PAD46", "T", 5280, -1308.7, 0],
		[111, "PAD46", "B", 5280, -1308.7, 0],
		[112, "PAD47", "T", 5380, -1621.3, 0],
		[113, "PAD47", "B", 5380, -1621.3, 0],
		[114, "PAD48", "T", 5380, -1308.7, 0],
		[115, "PAD48", "B", 5380, -1308.7, 0],
		[116, "PAD49", "T", 5480, -1621.3, 0],
		[117, "PAD49", "B", 5480, -1621.3, 0],
		[118, "PAD50", "T", 5580, -1621.3, 0],
		[119, "PAD50", "B", 5580, -1621.3, 0],
		[120, "PAD51", "T", 5580, -1308.7, 0],
		[121, "PAD51", "B", 5580, -1308.7, 0],
		[122, "PAD52", "T", 5680, -1621.3, 0],
		[123, "PAD52", "B", 5680, -1621.3, 0],
		[124, "PAD53", "T", 5680, -1308.7, 0],
		[125, "PAD53", "B", 5680, -1308.7, 0],
		[126, "PAD54", "T", 5780, -1621.3, 0],
		[127, "PAD54", "B", 5780, -1621.3, 0],
		[128, "PAD55", "T", 5780, -1308.7, 0],
		[129, "PAD55", "B", 5780, -1308.7, 0]
	]
},
"pins": {
	"fields": ["PIN_NO", "PIN_NAME", "PIN_X", "PIN_Y", "LAYER", "PIN_TYPE", "NET_NAME", "NET_TYPE", "PAD_SHAPE", "PAD_SIZEX", "PAD_SIZEY", "HOLE_SIZE", "HOLE_LEN", "PAD_ANGLE"],
	"rows": [
		[1, "C1_1", 5315.63, -2200, "T", "DIP", "$1N1788", "", "C", 51.181, 51.181, 31.496, 31.496, 0],
		[2, "C1_1", 5315.63, -2200, "B", "DIP", "$1N1788", "", "C", 51.181, 51.181, 31.496, 31.496, 0],
		[3, "C1_2", 5394.37, -2200, "T", "DIP", "$1N1693", "", "C", 51.181, 51.181, 31.496, 31.496, 0],
		[4, "C1_2", 5394.37, -2200, "B", "DIP", "$1N1693", "", "C", 51.181, 51.181, 31.496, 31.496, 0],
		[5, "C2_1", 6255, -1430, "T", "DIP", "$1N1693", "", "C", 70.866, 70.866, 47.244, 47.244, 0],
		[6, "C2_1", 6255, -1430, "B", "DIP", "$1N1693", "", "C", 70.866, 70.866, 47.244, 47.244, 0],
		[7, "C2_2", 6455, -1430, "T", "DIP", "$1N1916", "", "C", 70.866, 70.866, 47.244, 47.244, 0],
		[8, "C2_2", 6455, -1430, "B", "DIP", "$1N1916", "", "C", 70.866, 70.866, 47.244, 47.244, 0],
		[9, "H1_1", 5742.356, -2191.481, "T", "DIP", "$1N1693", "", "R", 78.74, 78.74, 47.244, 47.244, 0],
		[10, "H1_1", 5742.356, -2191.481, "B", "DIP", "$1N1693", "", "R", 78.74, 78.74, 47.244, 47.244, 0],
		[11, "H1_2", 5842.356, -2191.481, "T", "DIP", "$1N1652", "", "C", 78.74, 78.74, 47.244, 47.244, 0],
		[12, "H1_2", 5842.356, -2191.481, "B", "DIP", "$1N1652", "", "C", 78.74, 78.74, 47.244, 47.244, 0],
		[13, "LED1_1", 5530, -1150, "T", "DIP", "$1N1559", "", "C", 70.866, 70.866, 39.37, 39.37, 0],
		[14, "LED1_1", 5530, -1150, "B", "DIP", "$1N1559", "", "C", 70.866, 70.866, 39.37, 39.37, 0],
		[15, "LED1_2", 5630, -1150, "T", "DIP", "$1N1390", "", "C", 70.866, 70.866, 39.37, 39.37, 0],
		[16, "LED1_2", 5630, -1150, "B", "DIP", "$1N1390", "", "C", 70.866, 70.866, 39.37, 39.37, 0],
		[17, "LED2_1", 5070, -945, "T", "DIP", "$1N1565", "", "C", 70.866, 70.866, 39.37, 39.37, 0],
		[18, "LED2_1", 5070, -945, "B", "DIP", "$1N1565", "", "C", 70.866, 70.866, 39.37, 39.37, 0],
		[19, "LED2_2", 5170, -945, "T", "DIP", "$1N1390", "", "C", 70.866, 70.866, 39.37, 39.37, 0],
		[20, "LED2_2", 5170, -945, "B", "DIP", "$1N1390", "", "C", 70.866, 70.866, 39.37, 39.37, 0],
		[21, "LED3_1", 6010, -960, "T", "DIP", "$1N1575", "", "C", 70.866, 70.866, 39.37, 39.37, 0],
		[22, "LED3_1", 6010, -960, "B", "DIP", "$1N1575", "", "C", 70.866, 70.866, 39.37, 39.37, 0],
		[23, "LED3_2", 6110, -960, "T", "DIP", "$1N1390", "", "C", 70.866, 70.866, 39.37, 39.37, 0],
		[24, "LED3_2", 6110, -960, "B", "DIP", "$1N1390", "", "C", 70.866, 70.866, 39.37, 39.37, 0],
		[25, "LED4_1", 4760, -1215, "T", "DIP", "$1N1582", "", "C", 70.866, 70.866, 39.37, 39.37, 0],
		[26, "LED4_1", 4760, -1215, "B", "DIP", "$1N1582", "", "C", 70.866, 70.866, 39.37, 39.37, 0],
		[27, "LED4_2", 4860, -1215, "T", "DIP", "$1N1390", "", "C", 70.866, 70.866, 39.37, 39.37, 0],
		[28, "LED4_2", 4860, -1215, "B", "DIP", "$1N1390", "", "C", 70.866, 70.866, 39.37, 39.37, 0],
		[29, "LED5_1", 6335, -1220, "T", "DIP", "$1N1598", "", "C", 70.866, 70.866, 39.37, 39.37, 0],
		[30, "LED5_1", 6335, -1220, "B", "DIP", "$1N1598", "", "C", 70.866, 70.866, 39.37, 39.37, 0],
		[31, "LED5_2", 6435, -1220, "T", "DIP", "$1N1390", "", "C", 70.866, 70.866, 39.37, 39.37, 0],
		[32, "LED5_2", 6435, -1220, "B", "DIP", "$1N1390", "", "C", 70.866, 70.866, 39.37, 39.37, 0],
		[33, "LED6_1", 4820, -1640, "T", "DIP", "$1N1604", "", "C", 70.866, 70.866, 39.37, 39.37, 0],
		[34, "LED6_1", 4820, -1640, "B", "DIP", "$1N1604", "", "C", 70.866, 70.866, 39.37, 39.37, 0],
		[35, "LED6_2", 4920, -1640, "T", "DIP", "$1N1390", "", "C", 70.866, 70.866, 39.37, 39.37, 0],
		[36, "LED6_2", 4920, -1640, "B", "DIP", "$1N1390", "", "C", 70.866, 70.866, 39.37, 39.37, 0],
		[37, "LED7_1", 6230, -1650, "T", "DIP", "$1N1611", "", "C", 70.866, 70.866, 39.37, 39.37, 0],
		[38, "LED7_1", 6230, -1650, "B", "DIP", "$1N1611", "", "C", 70.866, 70.866, 39.37, 39.37, 0],
		[39, "LED7_2", 6330, -1650, "T", "DIP", "$1N1390", "", "C", 70.866, 70.866, 39.37, 39.37, 0],
		[40, "LED7_2", 6330, -1650, "B", "DIP", "$1N1390", "", "C", 70.866, 70.866, 39.37, 39.37, 0],
		[41, "LED8_1", 5120, -2005, "T", "DIP", "$1N1618", "", "C", 70.866, 70.866, 39.37, 39.37, 0],
		[42, "LED8_1", 5120, -2005, "B", "DIP", "$1N1618", "", "C", 70.866, 70.866, 39.37, 39.37, 0],
		[43, "LED8_2", 5220, -2005, "T", "DIP", "$1N1390", "", "C", 70.866, 70.866, 39.37, 39.37, 0],
		[44, "LED8_2", 5220, -2005, "B", "DIP", "$1N1390", "", "C", 70.866, 70.866, 39.37, 39.37, 0],
		[45, "LED9_1", 5920, -2010, "T", "DIP", "$1N1633", "", "C", 70.866, 70.866, 39.37, 39.37, 0],
		[46, "LED9_1", 5920, -2010, "B", "DIP", "$1N1633", "", "C", 70.866, 70.866, 39.37, 39.37, 0],
		[47, "LED9_2", 6020, -2010, "T", "DIP", "$1N1390", "", "C", 70.866, 70.866, 39.37, 39.37, 0],
		[48, "LED9_2", 6020, -2010, "B", "DIP", "$1N1390", "", "C", 70.866, 70.866, 39.37, 39.37, 0],
		[49, "LED10_1", 5530, -2335, "T", "DIP", "$1N1677", "", "C", 70.866, 70.866, 39.37, 39.37, 0],
		[50, "LED10_1", 5530, -2335, "B", "DIP", "$1N1677", "", "C", 70.866, 70.866, 39.37, 39.37, 0],
		[51, "LED10_2", 5630, -2335, "T", "DIP", "$1N1390", "", "C", 70.866, 70.866, 39.37, 39.37, 0],
		[52, "LED10_2", 5630, -2335, "B", "DIP", "$1N1390", "", "C", 70.866, 70.866, 39.37, 39.37, 0],
		[53, "P1_1", 5375, -965, "T", "DIP", "$1N1767", "", "R", 66.929, 66.929, 43.308, 43.308, 0],
		[54, "P1_1", 5375, -965, "B", "DIP", "$1N1767", "", "R", 66.929, 66.929, 43.308, 43.308, 0],
		[55, "R1_1", 5833.31, -1165, "T", "DIP", "$1N1812", "", "C", 55.118, 55.118, 27.56, 27.56, 0],
		[56, "R1_1", 5833.31, -1165, "B", "DIP", "$1N1812", "", "C", 55.118, 55.118, 27.56, 27.56, 0],
		[57, "R1_2", 6246.69, -1165, "T", "DIP", "$1N1693", "", "C", 55.118, 55.118, 27.56, 27.56, 0],
		[58, "R1_2", 6246.69, -1165, "B", "DIP", "$1N1693", "", "C", 55.118, 55.118, 27.56, 27.56, 0],
		[59, "R2_1", 4998.305, -1170, "T", "DIP", "$1N1693", "", "C", 62.992, 62.992, 36, 36, 0],
		[60, "R2_1", 4998.305, -1170, "B", "DIP", "$1N1693", "", "C", 62.992, 62.992, 36, 36, 0],
		[61, "R2_2", 5411.695, -1170, "T", "DIP", "$1N1390", "", "C", 62.992, 62.992, 36, 36, 0],
		[62, "R2_2", 5411.695, -1170, "B", "DIP", "$1N1390", "", "C", 62.992, 62.992, 36, 36, 0],
		[63, "R3_1", 6045, -1361.575, "T", "DIP", "$1N1788", "", "C", 60, 60, 30, 30, 270],
		[64, "R3_1", 6045, -1361.575, "B", "DIP", "$1N1788", "", "C", 60, 60, 30, 30, 270],
		[65, "R3_2", 6045, -1460.005, "T", "DIP", "$1N1812", "", "C", 60, 60, 30, 30, 270],
		[66, "R3_2", 6045, -1460.005, "B", "DIP", "$1N1812", "", "C", 60, 60, 30, 30, 270],
		[67, "R3_3", 6045, -1558.425, "T", "DIP", "$1N1812", "", "C", 60, 60, 30, 30, 270],
		[68, "R3_3", 6045, -1558.425, "B", "DIP", "$1N1812", "", "C", 60, 60, 30, 30, 270],
		[69, "U1_1", 5365, -2015, "T", "DIP", "$1N1693", "", "R", 59.055, 59.055, 35.434, 35.434, 0],
		[70, "U1_1", 5365, -2015, "B", "DIP", "$1N1693", "", "R", 59.055, 59.055, 35.434, 35.434, 0],
		[71, "U1_2", 5465, -2015, "T", "DIP", "$1N1788", "", "C", 59.055, 59.055, 35.434, 35.434, 90],
		[72, "U1_2", 5465, -2015, "B", "DIP", "$1N1788", "", "C", 59.055, 59.055, 35.434, 35.434, 90],
		[73, "U1_3", 5565, -2015, "T", "DIP", "$1N1767", "", "C", 59.055, 59.055, 35.434, 35.434, 90],
		[74, "U1_3", 5565, -2015, "B", "DIP", "$1N1767", "", "C", 59.055, 59.055, 35.434, 35.434, 90],
		[75, "U1_4", 5665, -2015, "T", "DIP", "$1N1652", "", "C", 59.055, 59.055, 35.434, 35.434, 90],
		[76, "U1_4", 5665, -2015, "B", "DIP", "$1N1652", "", "C", 59.055, 59.055, 35.434, 35.434, 90],
		[77, "U1_5", 5665, -1715, "T", "DIP", "$1N1916", "", "C", 59.055, 59.055, 35.434, 35.434, 90],
		[78, "U1_5", 5665, -1715, "B", "DIP", "$1N1916", "", "C", 59.055, 59.055, 35.434, 35.434, 90],
		[79, "U1_6", 5565, -1715, "T", "DIP", "$1N1788", "", "C", 59.055, 59.055, 35.434, 35.434, 90],
		[80, "U1_6", 5565, -1715, "B", "DIP", "$1N1788", "", "C", 59.055, 59.055, 35.434, 35.434, 90],
		[81, "U1_7", 5465, -1715, "T", "DIP", "NET_1", "", "C", 59.055, 59.055, 35.434, 35.434, 90],
		[82, "U1_7", 5465, -1715, "B", "DIP", "NET_1", "", "C", 59.055, 59.055, 35.434, 35.434, 90],
		[83, "U1_8", 5365, -1715, "T", "DIP", "NET_2", "", "C", 59.055, 59.055, 35.434, 35.434, 90],
		[84, "U1_8", 5365, -1715, "B", "DIP", "NET_2", "", "C", 59.055, 59.055, 35.434, 35.434, 90],
		[85, "U2_1", 5080, -1621.3, "T", "DIP", "$1N1604", "", "O", 56.693, 70.866, 31.496, 31.496, 0],
		[86, "U2_1", 5080, -1621.3, "B", "DIP", "$1N1604", "", "O", 56.693, 70.866, 31.496, 31.496, 0],
		[87, "U2_2", 5180, -1621.3, "T", "DIP", "$1N1565", "", "O", 56.693, 70.866, 31.496, 31.496, 0],
		[88, "U2_2", 5180, -1621.3, "B", "DIP", "$1N1565", "", "O", 56.693, 70.866, 31.496, 31.496, 0],
		[89, "U2_3", 5280, -1621.3, "T", "DIP", "$1N1559", "", "O", 56.693, 70.866, 31.496, 31.496, 0],
		[90, "U2_3", 5280, -1621.3, "B", "DIP", "$1N1559", "", "O", 56.693, 70.866, 31.496, 31.496, 0],
		[91, "U2_4", 5380, -1621.3, "T", "DIP", "$1N1575", "", "O", 56.693, 70.866, 31.496, 31.496, 0],
		[92, "U2_4", 5380, -1621.3, "B", "DIP", "$1N1575", "", "O", 56.693, 70.866, 31.496, 31.496, 0],
		[93, "U2_5", 5480, -1621.3, "T", "DIP", "$1N1611", "", "O", 56.693, 70.866, 31.496, 31.496, 0],
		[94, "U2_5", 5480, -1621.3, "B", "DIP", "$1N1611", "", "O", 56.693, 70.866, 31.496, 31.496, 0],
		[95, "U2_6", 5580, -1621.3, "T", "DIP", "$1N1618", "", "O", 56.693, 70.866, 31.496, 31.496, 0],
		[96, "U2_6", 5580, -1621.3, "B", "DIP", "$1N1618", "", "O", 56.693, 70.866, 31.496, 31.496, 0],
		[97, "U2_7", 5680, -1621.3, "T", "DIP", "$1N1582", "", "O", 56.693, 70.866, 31.496, 31.496, 0],
		[98, "U2_7", 5680, -1621.3, "B", "DIP", "$1N1582", "", "O", 56.693, 70.866, 31.496, 31.496, 0],
		[99, "U2_8", 5780, -1621.3, "T", "DIP", "$1N1693", "", "O", 56.693, 70.866, 31.496, 31.496, 0],
		[100, "U2_8", 5780, -1621.3, "B", "DIP", "$1N1693", "", "O", 56.693, 70.866, 31.496, 31.496, 0],
		[101, "U2_9", 5780, -1308.7, "T", "DIP", "$1N1633", "", "O", 56.693, 70.866, 31.496, 31.496, 0],
		[102, "U2_9", 5780, -1308.7, "B", "DIP", "$1N1633", "", "O", 56.693, 70.866, 31.496, 31.496, 0],
		[103, "U2_10", 5680, -1308.7, "T", "DIP", "$1N1598", "", "O", 56.693, 70.866, 31.496, 31.496, 0],
		[104, "U2_10", 5680, -1308.7, "B", "DIP", "$1N1598", "", "O", 56.693, 70.866, 31.496, 31.496, 0],
		[105, "U2_11", 5580, -1308.7, "T", "DIP", "$1N1677", "", "O", 56.693, 70.866, 31.496, 31.496, 0],
		[106, "U2_11", 5580, -1308.7, "B", "DIP", "$1N1677", "", "O", 56.693, 70.866, 31.496, 31.496, 0],
		[107, "U2_12", 5480, -1308.7, "T", "DIP", "NET_3", "", "O", 56.693, 70.866, 31.496, 31.496, 0],
		[108, "U2_12", 5480, -1308.7, "B", "DIP", "NET_3", "", "O", 56.693, 70.866, 31.496, 31.496, 0],
		[109, "U2_13", 5380, -1308.7, "T", "DIP", "$1N1693", "", "O", 56.693, 70.866, 31.496, 31.496, 0],
		[110, "U2_13", 5380, -1308.7, "B", "DIP", "$1N1693", "", "O", 56.693, 70.866, 31.496, 31.496, 0],
		[111, "U2_14", 5280, -1308.7, "T", "DIP", "$1N1767", "", "O", 56.693, 70.866, 31.496, 31.496, 0],
		[112, "U2_14", 5280, -1308.7, "B", "DIP", "$1N1767", "", "O", 56.693, 70.866, 31.496, 31.496, 0],
		[113, "U2_15", 5180, -1308.7, "T", "DIP", "$1N1693", "", "O", 56.693, 70.866, 31.496, 31.496, 0],
		[114, "U2_15", 5180, -1308.7, "B", "DIP", "$1N1693", "", "O", 56.693, 70.866, 31.496, 31.496, 0],
		[115, "U2_16", 5080, -1308.7, "T", "DIP", "$1N1652", "", "O", 56.693, 70.866, 31.496, 31.496, 0],
		[116, "U2_16", 5080, -1308.7, "B", "DIP", "$1N1652", "", "O", 56.693, 70.866, 31.496, 31.496, 0],
		[117, "PAD1_1", 5315.63, -2200, "T", "DIP", "$1N1788", "", "C", 51.181, 51.181, 31.496, 31.496, 0],
		[118, "PAD1_1", 5315.63, -2200, "B", "DIP", "$1N1788", "", "C", 51.181, 51.181, 31.496, 31.496, 0],
		[119, "PAD2_2", 5394.37, -2200, "T", "DIP", "$1N1693", "", "C", 51.181, 51.181, 31.496, 31.496, 0],
		[120, "PAD2_2", 5394.37, -2200, "B", "DIP", "$1N1693", "", "C", 51.181, 51.181, 31.496, 31.496, 0],
		[121, "PAD3_1", 6255, -1430, "T", "DIP", "$1N1693", "", "C", 70.866, 70.866, 47.244, 47.244, 0],
		[122, "PAD3_1", 6255, -1430, "B", "DIP", "$1N1693", "", "C", 70.866, 70.866, 47.244, 47.244, 0],
		[123, "PAD4_2", 6455, -1430, "T", "DIP", "$1N1916", "", "C", 70.866, 70.866, 47.244, 47.244, 0],
		[124, "PAD4_2", 6455, -1430, "B", "DIP", "$1N1916", "", "C", 70.866, 70.866, 47.244, 47.244, 0],
		[125, "PAD5_1", 5742.356, -2191.481, "T", "DIP", "$1N1693", "", "R", 78.74, 78.74, 47.244, 47.244, 0],
		[126, "PAD5_1", 5742.356, -2191.481, "B", "DIP", "$1N1693", "", "R", 78.74, 78.74, 47.244, 47.244, 0],
		[127, "PAD6_2", 5842.356, -2191.481, "T", "DIP", "$1N1652", "", "C", 78.74, 78.74, 47.244, 47.244, 0],
		[128, "PAD6_2", 5842.356, -2191.481, "B", "DIP", "$1N1652", "", "C", 78.74, 78.74, 47.244, 47.244, 0],
		[129, "PAD7_1", 5530, -1150, "T", "DIP", "$1N1559", "", "C", 70.866, 70.866, 39.37, 39.37, 0],
		[130, "PAD7_1", 5530, -1150, "B", "DIP", "$1N1559", "", "C", 70.866, 70.866, 39.37, 39.37, 0],
		[131, "PAD8_2", 5630, -1150, "T", "DIP", "$1N1390", "", "C", 70.866, 70.866, 39.37, 39.37, 0],
		[132, "PAD8_2", 5630, -1150, "B", "DIP", "$1N1390", "", "C", 70.866, 70.866, 39.37, 39.37, 0],
		[133, "PAD9_1", 5070, -945, "T", "DIP", "$1N1565", "", "C", 70.866, 70.866, 39.37, 39.37, 0],
		[134, "PAD9_1", 5070, -945, "B", "DIP", "$1N1565", "", "C", 70.866, 70.866, 39.37, 39.37, 0],
		[135, "PAD10_2", 5170, -945, "T", "DIP", "$1N1390", "", "C", 70.866, 70.866, 39.37, 39.37, 0],
		[136, "PAD10_2", 5170, -945, "B", "DIP", "$1N1390", "", "C", 70.866, 70.866, 39.37, 39.37, 0],
		[137, "PAD11_1", 6010, -960, "T", "DIP", "$1N1575", "", "C", 70.866, 70.866, 39.37, 39.37, 0],
		[138, "PAD11_1", 6010, -960, "B", "DIP", "$1N1575", "", "C", 70.866, 70.866, 39.37, 39.37, 0],
		[139, "PAD12_2", 6110, -960, "T", "DIP", "$1N1390", "", "C", 70.866, 70.866, 39.37, 39.37, 0],
		[140, "PAD12_2", 6110, -960, "B", "DIP", "$1N1390", "", "C", 70.866, 70.866, 39.37, 39.37, 0],
		[141, "PAD13_1", 4760, -1215, "T", "DIP", "$1N1582", "", "C", 70.866, 70.866, 39.37, 39.37, 0],
		[142, "PAD13_1", 4760, -1215, "B", "DIP", "$1N1582", "", "C", 70.866, 70.866, 39.37, 39.37, 0],
		[143, "PAD14_2", 4860, -1215, "T", "DIP", "$1N1390", "", "C", 70.866, 70.866, 39.37, 39.37, 0],
		[144, "PAD14_2", 4860, -1215, "B", "DIP", "$1N1390", "", "C", 70.866, 70.866, 39.37, 39.37, 0],
		[145, "PAD15_1", 6335, -1220, "T", "DIP", "$1N1598", "", "C", 70.866, 70.866, 39.37, 39.37, 0],
		[146, "PAD15_1", 6335, -1220, "B", "DIP", "$1N1598", "", "C", 70.866, 70.866, 39.37, 39.37, 0],
		[147, "PAD16_2", 6435, -1220, "T", "DIP", "$1N1390", "", "C", 70.866, 70.866, 39.37, 39.37, 0],
		[148, "PAD16_2", 6435, -1220, "B", "DIP", "$1N1390", "", "C", 70.866, 70.866, 39.37, 39.37, 0],
		[149, "PAD17_1", 4820, -1640, "T", "DIP", "$1N1604", "", "C", 70.866, 70.866, 39.37, 39.37, 0],
		[150, "PAD17_1", 4820, -1640, "B", "DIP", "$1N1604", "", "C", 70.866, 70.866, 39.37, 39.37, 0],
		[151, "PAD18_2", 4920, -1640, "T", "DIP", "$1N1390", "", "C", 70.866, 70.866, 39.37, 39.37, 0],
		[152, "PAD18_2", 4920, -1640, "B", "DIP", "$1N1390", "", "C", 70.866, 70.866, 39.37, 39.37, 0],
		[153, "PAD19_1", 6230, -1650, "T", "DIP", "$1N1611", "", "C", 70.866, 70.866, 39.37, 39.37, 0],
		[154, "PAD19_1", 6230, -1650, "B", "DIP", "$1N1611", "", "C", 70.866, 70.866, 39.37, 39.37, 0],
		[155, "PAD20_2", 6330, -1650, "T", "DIP", "$1N1390", "", "C", 70.866, 70.866, 39.37, 39.37, 0],
		[156, "PAD20_2", 6330, -1650, "B", "DIP", "$1N1390", "", "C", 70.866, 70.866, 39.37, 39.37, 0],
		[157, "PAD21_1", 5120, -2005, "T", "DIP", "$1N1618", "", "C", 70.866, 70.866, 39.37, 39.37, 0],
		[158, "PAD21_1", 5120, -2005, "B", "DIP", "$1N1618", "", "C", 70.866, 70.866, 39.37, 39.37, 0],
		[159, "PAD22_2", 5220, -2005, "T", "DIP", "$1N1390", "", "C", 70.866, 70.866, 39.37, 39.37, 0],
		[160, "PAD22_2", 5220, -2005, "B", "DIP", "$1N1390", "", "C", 70.866, 70.866, 39.37, 39.37, 0],
		[161, "PAD23_1", 5920, -2010, "T", "DIP", "$1N1633", "", "C", 70.866, 70.866, 39.37, 39.37, 0],
		[162, "PAD23_1", 5920, -2010, "B", "DIP", "$1N1633", "", "C", 70.866, 70.866, 39.37, 39.37, 0],
		[163, "PAD24_2", 6020, -2010, "T", "DIP", "$1N1390", "", "C", 70.866, 70.866, 39.37, 39.37, 0],
		[164, "PAD24_2", 6020, -2010, "B", "DIP", "$1N1390", "", "C", 70.866, 70.866, 39.37, 39.37, 0],
		[165, "PAD25_1", 5530, -2335, "T", "DIP", "$1N1677", "", "C", 70.866, 70.866, 39.37, 39.37, 0],
		[166, "PAD25_1", 5530, -2335, "B", "DIP", "$1N1677", "", "C", 70.866, 70.866, 39.37, 39.37, 0],
		[167, "PAD26_2", 5630, -2335, "T", "DIP", "$1N1390", "", "C", 70.866, 70.866, 39.37, 39.37, 0],
		[168, "PAD26_2", 5630, -2335, "B", "DIP", "$1N1390", "", "C", 70.866, 70.866, 39.37, 39.37, 0],
		[169, "PAD27_1", 5375, -965, "T", "DIP", "$1N1767", "", "R", 66.929, 66.929, 43.308, 43.308, 0],
		[170, "PAD27_1", 5375, -965, "B", "DIP", "$1N1767", "", "R", 66.929, 66.929, 43.308, 43.308, 0],
		[171, "PAD28_1", 5833.31, -1165, "T", "DIP", "$1N1812", "", "C", 55.118, 55.118, 27.56, 27.56, 0],
		[172, "PAD28_1", 5833.31, -1165, "B", "DIP", "$1N1812", "", "C", 55.118, 55.118, 27.56, 27.56, 0],
		[173, "PAD29_2", 6246.69, -1165, "T", "DIP", "$1N1693", "", "C", 55.118, 55.118, 27.56, 27.56, 0],
		[174, "PAD29_2", 6246.69, -1165, "B", "DIP", "$1N1693", "", "C", 55.118, 55.118, 27.56, 27.56, 0],
		[175, "PAD30_1", 4998.305, -1170, "T", "DIP", "$1N1693", "", "C", 62.992, 62.992, 36, 36, 0],
		[176, "PAD30_1", 4998.305, -1170, "B", "DIP", "$1N1693", "", "C", 62.992, 62.992, 36, 36, 0],
		[177, "PAD31_2", 5411.695, -1170, "T", "DIP", "$1N1390", "", "C", 62.992, 62.992, 36, 36, 0],
		[178, "PAD31_2", 5411.695, -1170, "B", "DIP", "$1N1390", "", "C", 62.992, 62.992, 36, 36, 0],
		[179, "PAD32_2", 6045, -1460.005, "T", "DIP", "$1N1812", "", "C", 60, 60, 30, 30, 270],
		[180, "PAD32_2", 6045, -1460.005, "B", "DIP", "$1N1812", "", "C", 60, 60, 30, 30, 270],
		[181, "PAD33_1", 6045, -1361.575, "T", "DIP", "$1N1788", "", "C", 60, 60, 30, 30, 270],
		[182, "PAD33_1", 6045, -1361.575, "B", "DIP", "$1N1788", "", "C", 60, 60, 30, 30, 270],
		[183, "PAD34_3", 6045, -1558.425, "T", "DIP", "$1N1812", "", "C", 60, 60, 30, 30, 270],
		[184, "PAD34_3", 6045, -1558.425, "B", "DIP", "$1N1812", "", "C", 60, 60, 30, 30, 270],
		[185, "PAD35_1", 5365, -2015, "T", "DIP", "$1N1693", "", "R", 59.055, 59.055, 35.434, 35.434, 0],
		[186, "PAD35_1", 5365, -2015, "B", "DIP", "$1N1693", "", "R", 59.055, 59.055, 35.434, 35.434, 0],
		[187, "PAD36_2", 5465, -2015, "T", "DIP", "$1N1788", "", "C", 59.055, 59.055, 35.434, 35.434, 90],
		[188, "PAD36_2", 5465, -2015, "B", "DIP", "$1N1788", "", "C", 59.055, 59.055, 35.434, 35.434, 90],
		[189, "PAD37_3", 5565, -2015, "T", "DIP", "$1N1767", "", "C", 59.055, 59.055, 35.434, 35.434, 90],
		[190, "PAD37_3", 5565, -2015, "B", "DIP", "$1N1767", "", "C", 59.055, 59.055, 35.434, 35.434, 90],
		[191, "PAD38_4", 5665, -2015, "T", "DIP", "$1N1652", "", "C", 59.055, 59.055, 35.434, 35.434, 90],
		[192, "PAD38_4", 5665, -2015, "B", "DIP", "$1N1652", "", "C", 59.055, 59.055, 35.434, 35.434, 90],
		[193, "PAD39_6", 5565, -1715, "T", "DIP", "$1N1788", "", "C", 59.055, 59.055, 35.434, 35.434, 90],
		[194, "PAD39_6", 5565, -1715, "B", "DIP", "$1N1788", "", "C", 59.055, 59.055, 35.434, 35.434, 90],
		[195, "PAD40_5", 5665, -1715, "T", "DIP", "$1N1916", "", "C", 59.055, 59.055, 35.434, 35.434, 90],
		[196, "PAD40_5", 5665, -1715, "B", "DIP", "$1N1916", "", "C", 59.055, 59.055, 35.434, 35.434, 90],
		[197, "PAD41_1", 5080, -1621.3, "T", "DIP", "$1N1604", "", "O", 56.693, 70.866, 31.496, 31.496, 0],
		[198, "PAD41_1", 5080, -1621.3, "B", "DIP", "$1N1604", "", "O", 56.693, 70.866, 31.496, 31.496, 0],
		[199, "PAD42_16", 5080, -1308.7, "T", "DIP", "$1N1652", "", "O", 56.693, 70.866, 31.496, 31.496, 0],
		[200, "PAD42_16", 5080, -1308.7, "B", "DIP", "$1N1652", "", "O", 56.693, 70.866, 31.496, 31.496, 0],
		[201, "PAD43_2", 5180, -1621.3, "T", "DIP", "$1N1565", "", "O", 56.693, 70.866, 31.496, 31.496, 0],
		[202, "PAD43_2", 5180, -1621.3, "B", "DIP", "$1N1565", "", "O", 56.693, 70.866, 31.496, 31.496, 0],
		[203, "PAD44_15", 5180, -1308.7, "T", "DIP", "$1N1693", "", "O", 56.693, 70.866, 31.496, 31.496, 0],
		[204, "PAD44_15", 5180, -1308.7, "B", "DIP", "$1N1693", "", "O", 56.693, 70.866, 31.496, 31.496, 0],
		[205, "PAD45_3", 5280, -1621.3, "T", "DIP", "$1N1559", "", "O", 56.693, 70.866, 31.496, 31.496, 0],
		[206, "PAD45_3", 5280, -1621.3, "B", "DIP", "$1N1559", "", "O", 56.693, 70.866, 31.496, 31.496, 0],
		[207, "PAD46_14", 5280, -1308.7, "T", "DIP", "$1N1767", "", "O", 56.693, 70.866, 31.496, 31.496, 0],
		[208, "PAD46_14", 5280, -1308.7, "B", "DIP", "$1N1767", "", "O", 56.693, 70.866, 31.496, 31.496, 0],
		[209, "PAD47_4", 5380, -1621.3, "T", "DIP", "$1N1575", "", "O", 56.693, 70.866, 31.496, 31.496, 0],
		[210, "PAD47_4", 5380, -1621.3, "B", "DIP", "$1N1575", "", "O", 56.693, 70.866, 31.496, 31.496, 0],
		[211, "PAD48_13", 5380, -1308.7, "T", "DIP", "$1N1693", "", "O", 56.693, 70.866, 31.496, 31.496, 0],
		[212, "PAD48_13", 5380, -1308.7, "B", "DIP", "$1N1693", "", "O", 56.693, 70.866, 31.496, 31.496, 0],
		[213, "PAD49_5", 5480, -1621.3, "T", "DIP", "$1N1611", "", "O", 56.693, 70.866, 31.496, 31.496, 0],
		[214, "PAD49_5", 5480, -1621.3, "B", "DIP", "$1N1611", "", "O", 56.693, 70.866, 31.496, 31.496, 0],
		[215, "PAD50_6", 5580, -1621.3, "T", "DIP", "$1N1618", "", "O", 56.693, 70.866, 31.496, 31.496, 0],
		[216, "PAD50_6", 5580, -1621.3, "B", "DIP", "$1N1618", "", "O", 56.693, 70.866, 31.496, 31.496, 0],
		[217, "PAD51_11", 5580, -1308.7, "T", "DIP", "$1N1677", "", "O", 56.693, 70.866, 31.496, 31.496, 0],
		[218, "PAD51_11", 5580, -1308.7, "B", "DIP", "$1N1677", "", "O", 56.693, 70.866, 31.496, 31.496, 0],
		[219, "PAD52_7", 5680, -1621.3, "T", "DIP", "$1N1582", "", "O", 56.693, 70.866, 31.496, 31.496, 0],
		[220, "PAD52_7", 5680, -1621.3, "B", "DIP", "$1N1582", "", "O", 56.693, 70.866, 31.496, 31.496, 0],
		[221, "PAD53_10", 5680, -1308.7, "T", "DIP", "$1N1598", "", "O", 56.693, 70.866, 31.496, 31.496, 0],
		[222, "PAD53_10", 5680, -1308.7, "B", "DIP", "$1N1598", "", "O", 56.693, 70.866, 31.496, 31.496, 0],
		[223, "PAD54_8", 5780, -1621.3, "T", "DIP", "$1N1693", "", "O", 56.693, 70.866, 31.496, 31.496, 0],
		[224, "PAD54_8", 5780, -1621.3, "B", "DIP", "$1N1693", "", "O", 56.693, 70.866, 31.496, 31.496, 0],
		[225, "PAD55_9", 5780, -1308.7, "T", "DIP", "$1N1633", "", "O", 56.693, 70.866, 31.496, 31.496, 0],
		[226, "PAD55_9", 5780, -1308.7, "B", "DIP", "$1N1633", "", "O", 56.693, 70.866, 31.496, 31.496, 0]
	]
}
}